id,label,speech,emoji,hint
0,hii,Hello,👋,Open palm facing camera with fingers spread wide apart
1,peace,Peace,✌️,Index and middle finger up in a V other fingers closed
2,thumbs up,Yes,👍,Closed fist with the thumb pointing straight up
3,no,No,🚫,Index and middle finger tapping down onto the thumb
4,flat hand,Stop,✋,Flat palm facing camera all fingers straight and held together
5,fist,I am in pain,✊,Tightly clenched fist knuckles toward the camera
6,point up,Wait a moment,☝️,Index finger pointing straight up all other fingers closed
7,three,I want water,💧,Index middle and ring finger up thumb and pinky closed
8,pinch,I am hungry,🍽️,All five fingertips pinched together into a single point
9,thumb tuck,I need the bathroom,🚻,Closed fist with the thumb poking out between index and middle finger
10,ok,I am okay,👌,Thumb and index finger forming a circle other three fingers up
11,ily,I love you,🤟,Thumb index finger and pinky extended middle and ring folded down
12,call,Please call a doctor,📞,Thumb and pinky extended like a phone three middle fingers folded down
13,thumbs down,No I do not like this,👎,Closed fist with the thumb pointing straight down
14,palm up,Please give me,🫴,Flat open palm facing upward fingers together as if receiving something
15,beckon,Come here I need you,🆘,All four fingers curled inward toward yourself as if waving someone over
16,point out,I want that one,👉,Index finger pointing straight out sideways other fingers closed
17,small pinch,Just a little,🤏,Thumb and index finger almost touching other three fingers closed
